title,text,url,source
Rama Judicial de Colombia: Información y servicios para la justicia,"Rama Judicial de Colombia: Información y servicios para la justicia
Navegación
Saltar al contenido
EN
English
ES
Spanish
Rama Judicial
Acceder
Search
Search
Inicio
Sobre la Rama
Comisión Interinstitucional de la Rama Judicial
Comisión Nacional de Género
Despachos Judiciales
Cuantificación de Despachos Judiciales
Estadísticas Judiciales
Indicadores
Directorio Consejo Superior y Otros
Informes al congreso de la República
Organigrama
Carrera judicial
Avisos vacantes temporales
Concursos a nivel central
Concursos seccionales
Contratación
Contratación Central
Contratación Seccionales
Unidad Ejecutora del proyecto BID
Unidad Coordinadora Proyecto Banco Mundial
Instructivos en Materia de Contratación
Atención al usuario
Transparencia y acceso a la información pública
Medidas covid 19
Participa
PORTAL HISTÓRICO
Contraste
Reducir letra
Aumentar letra
Centro de Relevo
Previous
Next
Noticias
Noticias y principales acontecimientos Rama Judicial
mar 14 2025
Consejo Superior de la Judicatura lidera la implementación del Plan Integral para la subespecialidad de Restitución de Tierras
Consejo Superior de la Judicatura
abr 2 2025
Consejo Superior de la Judicatura hace un llamado al diálogo para atender y solucionar situación de las comunidades indígenas en el centro de Bogotá
Consejo Superior de la Judicatura
abr 2 2025
Comunicado de prensa
Consejo Superior de la Judicatura
mar 17 2025
Judicatura abre convocatoria pública para proveer un cargo de magistrado (a) en el Consejo de Estado
Consejo Superior de la Judicatura
abr 1 2025
Rama Judicial recibió más de 950 mil tutelas en 2024: estrategias para la descongestión y capacidad de respuesta a demanda ciudadana
Consejo Superior de la Judicatura
mar 31 2025
Consejos y direcciones seccionales rindieron cuentas de su gestión en las regiones durante 2024
Consejo Superior de la Judicatura
mar 28 2025
Rama Judicial y UNESCO inician el ciclo de formación en Inteligencia Artificial en la Administración de Justicia
Consejo Superior de la Judicatura
mar 28 2025
Judicatura presenta avances del Plan Integral de Restitución de Tierras en conversatorio de la Especialidad Civil, Agraria y Rural de la Corte Suprema
Consejo Superior de la Judicatura
mar 27 2025
1° Conversatorio regional de la Especialidad Civil, Agraria y Rural: “Discusiones actuales del derecho privado y de familia”
Rama Judicial
Más Noticias
Seleccione su perfil de navegación
Ciudadano
Ciudadanos
En este espacio se atenderán las necesidades y expectativas de los ciudadanos asociados a los diferentes trámites y servicios que presta la Rama Judicial.
Abogados
Abogados
Espacio especializado para atender las necesidades propias de la gestión judicial.
Servidores Judiciales
Servidores Judiciales
Espacio interno para atender las necesidades de nuestros servidores judiciales a nivel nacional.
Servicios Judiciales
Ventanilla de Servicios
Consulta del catálogo de servicios de la Rama Judicial.
Publicaciones procesales
Publicaciones generadas por los Despachos Judiciales, como un mecanismo unificado para facilitar el acceso y consulta de la información pública.
Firma electrónica
Ingrese al aplicativo de Firma electrónica
Novedades despachos judiciales
Noticias recientes de la actividad judicial y administrativa por parte de los Despachos Judiciales.
Novedades
Noticias recientes de Comisiones Seccionales, Consejos y Direcciones Seccionales y otras dependencias.
Consultas frecuentes
Actos Administrativos del Consejo Superior
Comisión Nacional de Género
Consulta de Jurisprudencia - Altas Cortes
Consulta de Procesos
Consulta de Providencias - Tribunales
Directorio de Correos Electrónicos
Directorio Nacional
Firma electrónica
Registro Nacional de Abogados
Restitución de tierras
Videoteca
Información destacada
Transformación Digital
Conjunto de proyectos dirigidos a fortalecer y mejorar el servicio de la administración de justicia en el país, a través del impulso del uso de la tecnología, la innovación tecnológica y la ciencia de datos.
Escuela Judicial Rodrigo Lara Bonilla
Centro de formación inicial y continua al servicio de la administración de justicia en Colombia.
Justicia restaurativa y terapéutica
Consulte la información relacionada con la justicia restaurativa, desde los puntos de vista sustancial y procedimental, basada en el reencuentro, el reconocimiento, la responsabilidad, la reparación o restauración, la reconstrucción y la integración.
Código Iberoamericano Ética Judicial
Instrumento elaborado en el marco de la Cumbre Judicial Iberoamericana que consagra principios éticos básicos, como criterio de conducta para todos los servidores judiciales.
Sentencia T-760 de 2008
Consulta las órdenes de la Corte Constitucional sobre el seguimiento a las decisiones relacionadas con los derechos a la protección en materia de salud pública en Colombia.
Sistema de Información Doctrinario y Normativo - SIDN
Consulte los libros, revistas y legislación en los repositorios digitales del Sistema Nacional de Bibliotecas Judiciales
Jurisdicción Especial Indígena y el Sistema Judicial Nacional
Procura preservar la diversidad étnica y cultural a partir del respeto de las normas, valores, costumbres e instituciones pertenecientes a los grupos indígenas dentro del territorio nacional.
Convenio de la Haya
La Convención de la Haya del 14 de mayo de 1954 es parte del DIH, estableciendo los compromisos de los Estados que la suscriben para proteger los bienes culturales en caso de conflicto armado
Accesos directos
Complejo Paloquemao
Espacio para que jueces penales difundan y publiquen información en los temas de actualidad jurídica y judicial, desde la perspectiva del quehacer de su gestión.
Control de legalidad
Consulte aquí en un solo sitio los controles automáticos de legalidad del Consejo de Estado y de los Tribunales Administrativos.
Rendición de cuentas
Proceso permanente mediante el cual el Consejo Superior de la Judicatura facilita el diálogo con la ciudadanía sobre la gestión adelantada en cumplimiento de sus funciones constitucionales y legales.
SIGCMA
Sistema Integrado de Gestión y Control de la Calidad y del Medio Ambiente.
Convocatorias
Mecanismo de selección y de permanencia en los cargos de la Rama Judicial, que se funda en la garantía de igualdad en cuanto a las condiciones de acceso a la función, para todos los ciudadanos.
Cero tolerancia a la violencia de género en el ámbito laboral
Protocolo contra el acoso sexual y por razones de género en el ámbito laboral de la Rama Judicial
Comisión Nacional de Género
Observatorio de la Política de igualdad y no discriminación con enfoque diferencial y de género de la Rama Judicial
Salas de Justicia y Paz
Las Salas de Justicia y Paz asisten, coordinan y acompañan la intervención de las víctimas del conflicto armado dentro del proceso penal especial de Justicia y Paz.
Portal Niños y Niñas
Acceso a la Justicia de Niños, Niñas y Adolescentes
Entidades Relacionadas
Visite los sitios web de las entidades relacionadas con la Rama Judicial
Rama Judicial
Dirección:
Calle 12 No. 7 - 65, Palacio de Justicia Alfonso Reyes Echandía, Bogotá Colombia
Horarios de atención:
Lunes a Viernes de 8:00 am a 1:00 pm y 2:00 pm a 5:00 pm
Teléfono de conmutador:
+57 601 565 8500
NO es un canal oficial para tramitar PQRSDF
Correo institucional:
info@cendoj.ramajudicial.gov.co
Otras consultas:
Cuentas de correo para notificaciones judiciales
Correo Institucional
Políticas de privacidad y condiciones de uso
Mapa del sitio
Estadísticas de uso
Transparencia y acceso a la información
Síguenos en-:
@Facebook
@Twitter
@Youtube
@Instagram",https://ramajudicial.gov.co,ramajudicial.gov.co
SERVICIOS,"Posesión
unodc
Posesión
Slide 1
SERVICIOS
Ventanilla de Atención Virtual
Presente solicitudes, recursos, demandas, peticiones y también consulte estados, edictos, estados de sentencia, fijaciones, entre otros.
SAMAI
Realice el seguimiento y las consultas de los procesos de la jurisdicción de lo contencioso administrativo
Consulta Procesos
Consulte y realice seguimiento de los procesos que cursan en el Consejo de Estado.
Audiencias Virtuales y Presenciales
Siga aquí en directo las audiencias públicas del Consejo de Estado
Consulta de Jurisprudencia
Encuentre aquí las providencias, conceptos y conflictos de competencia titulado
PQRSDF
Este es el sistema virtual de recepción de peticiones, quejas, reclamos, sugerencias, denuncias y felicitaciones del Consejo de Estado.
EVENTOS
07 de Abril
Enfoque para una justicia preventiva
Ver transmisión
Ver agenda
PUBLICACIONES
Boletín de Jurisprudencia del Consejo de Estado
Rendición de Cuentas
Libros
Revistas
COMUNICACIONES
Noticias
Portal lenguas nativas
Podcast
Portal de niños y jóvenes
Lenguaje claro
Enfoque Diferencial y
Equidad de Género
Suscríbase sin costo y reciba nuestro boletín Jurisprudencial mes a mes en su correo electrónico.
Suscríbase",https://consejodeestado.gov.co,consejodeestado.gov.co
SERVICIOS,"Posesión
unodc
Posesión
Slide 1
SERVICIOS
Ventanilla de Atención Virtual
Presente solicitudes, recursos, demandas, peticiones y también consulte estados, edictos, estados de sentencia, fijaciones, entre otros.
SAMAI
Realice el seguimiento y las consultas de los procesos de la jurisdicción de lo contencioso administrativo
Consulta Procesos
Consulte y realice seguimiento de los procesos que cursan en el Consejo de Estado.
Audiencias Virtuales y Presenciales
Siga aquí en directo las audiencias públicas del Consejo de Estado
Consulta de Jurisprudencia
Encuentre aquí las providencias, conceptos y conflictos de competencia titulado
PQRSDF
Este es el sistema virtual de recepción de peticiones, quejas, reclamos, sugerencias, denuncias y felicitaciones del Consejo de Estado.
EVENTOS
07 de Abril
Enfoque para una justicia preventiva
Ver transmisión
Ver agenda
PUBLICACIONES
Boletín de Jurisprudencia del Consejo de Estado
Rendición de Cuentas
Libros
Revistas
COMUNICACIONES
Noticias
Portal lenguas nativas
Podcast
Portal de niños y jóvenes
Lenguaje claro
Enfoque Diferencial y
Equidad de Género
Suscríbase sin costo y reciba nuestro boletín Jurisprudencial mes a mes en su correo electrónico.
Suscríbase",https://consejodeestado.gov.co,consejodeestado.gov.co
NOTICIAS,"Inicio
La Corte
Historia
Funciones
Estructura Organizacional
Magistrados Integrantes
Reglamento General de la Corte
Presidencia
Vicepresidencia
Compilación legislativa y jurisprudencial
Secretaría General
Circulares de información de interés
Circulares
Información de Interés
Oferta Académica
Descargas
Formatos de Permisos
Actos administrativos de nombramiento
Calendario Salas Plena y de Gobierno
Gestion Documental
Información para servidores
Requisitos de nombramiento y posesión
Comité de Convivencia Laboral
Oferta académica
Eventos
Sala de Casación Civil y Agraria
Sala de Casación Laboral
Sala de Plena y Tutelas
Salas de la Corte
Sala de Casación Civil, Agraria y Rural
Relatoría
Secretaría
Conjueces
Eventos
Sala de Casación Laboral
Relatoría
Secretaría
Sala de Descongestión
Conjueces
Eventos
Sala de Casación Penal
Relatoría
Secretaría
Conjueces
Audiencias
Sala Especial de Instrucción
Secretaría
Conjueces
Rendición de cuentas
Sala Especial de Primera Instancia
Secretaría
Sentencias
Conjueces
Audiencias
Sala Plena y Tutelas
Relatoría
Eventos
Procesos y Jurisprudencia
Consulta Providencias por texto completo
Sistema de Consulta de Jurisprudencia
Consulta de Procesos
Jurisprudencia Comisión Nacional de Género
Gacetas Judiciales
Comunicaciones
Notificaciones
Sala Plena
Sala de Casación Civil, Agraria y Rural
Sala de Casación Laboral
Sala de Descongestión Laboral
Sala de Casación Penal
Sala Especial de Primera Instancia
Sala Especial de Instrucción
Transparencia
Perfiles de los magistrados
Convocatorias Públicas y Elecciones
Conjueces
Informes de gestión y rendición de cuentas
Gestión Corte Suprema de Justicia
Consejo Superior de la Judicatura
Actos administrativos de nombramiento
Reglamento de la Corte
Presupuesto de la Rama Judicial
Declaración de renta
Esquema de publicación de información
Atención a la ciudadanía
Mecanismos de contacto
Inicio
La Corte
Historia
Funciones
Estructura Organizacional
Magistrados Integrantes
Reglamento General de la Corte
Presidencia
Vicepresidencia
Compilación legislativa y jurisprudencial
Secretaría General
Circulares de información de interés
Circulares
Información de Interés
Oferta Académica
Descargas
Formatos de Permisos
Actos administrativos de nombramiento
Calendario Salas Plena y de Gobierno
Gestion Documental
Información para servidores
Requisitos de nombramiento y posesión
Comité de Convivencia Laboral
Oferta académica
Eventos
Sala de Casación Civil y Agraria
Sala de Casación Laboral
Sala de Plena y Tutelas
Salas de la Corte
Sala de Casación Civil, Agraria y Rural
Relatoría
Secretaría
Conjueces
Eventos
Sala de Casación Laboral
Relatoría
Secretaría
Sala de Descongestión
Conjueces
Eventos
Sala de Casación Penal
Relatoría
Secretaría
Conjueces
Audiencias
Sala Especial de Instrucción
Secretaría
Conjueces
Rendición de cuentas
Sala Especial de Primera Instancia
Secretaría
Sentencias
Conjueces
Audiencias
Sala Plena y Tutelas
Relatoría
Eventos
Procesos y Jurisprudencia
Consulta Providencias por texto completo
Sistema de Consulta de Jurisprudencia
Consulta de Procesos
Jurisprudencia Comisión Nacional de Género
Gacetas Judiciales
Comunicaciones
Notificaciones
Sala Plena
Sala de Casación Civil, Agraria y Rural
Sala de Casación Laboral
Sala de Descongestión Laboral
Sala de Casación Penal
Sala Especial de Primera Instancia
Sala Especial de Instrucción
Transparencia
Perfiles de los magistrados
Convocatorias Públicas y Elecciones
Conjueces
Informes de gestión y rendición de cuentas
Gestión Corte Suprema de Justicia
Consejo Superior de la Judicatura
Actos administrativos de nombramiento
Reglamento de la Corte
Presupuesto de la Rama Judicial
Declaración de renta
Esquema de publicación de información
Atención a la ciudadanía
Mecanismos de contacto
NOTICIAS
Noticias y principales acontecimientos de la Corte Suprema de Justicia
Sala Especial de Primera Instancia condenó al exgobernador del Magdalena Ómar Díazgranados por nexos con la captadora DMG
Sala Especial de Primera Instancia condenó al exgobernador del Magdalena Ómar Díazgranados por nexos con la captadora DMG
•
abril 4, 2025
Sala Especial de Primera Instancia emitió sentido de fallo condenatorio contra el exgobernador de La Guajira Jorge Eduardo Pérez Bernier
Sala Especial de Primera Instancia emitió sentido de fallo condenatorio contra el exgobernador de La Guajira Jorge Eduardo Pérez Bernier
•
abril 4, 2025
Nuevas tendencias y desafíos en la justicia laboral – Una mirada desde la región cafetera
Nuevas tendencias y desafíos en la justicia laboral – Una mirada desde la región cafetera
•
abril 4, 2025
Sala de Casación Penal ratificó la absolución del excongresista Plinio Olano Becerra procesado por tres delitos
Sala de Casación Penal ratificó la absolución del excongresista Plinio Olano Becerra procesado por tres delitos
•
abril 3, 2025
Más Noticias
SALAS DE LA CORTE
Consulte la información de cada una de las Salas Especializadas y Especiales.
Tweets by CorteSupremaJ
LA CORTE EN REDES SOCIALES
Síganos en nuestras redes sociales y conozca en
tiempo real las noticias de la Corte Suprema de Justicia
SÍGANOS EN:
Facebook
Instagram
Youtube
Spotify
OTROS CONTENIDOS
Calendario de Audiencias y Streaming
Biblioteca Enrique Low Murtra
Biblioteca de Gacetas Judiciales
Novedades 
Jurisprudenciales
NUESTROS MAGISTRADOS
Consulte el perfil de nuestros magistrados
ENTIDADES RELACIONADAS
Visite los sitios web de las entidades relacionadas con la Corte Suprema de Justicia
Corte Suprema de Justicia
Dirección:
Calle 12 No. 7-65
Palacio de Justicia Alfonso Reyes Echandía, Bogotá D. C. – Colombia
Horario de atención:
Lunes a viernes de 8:00 a. m. a 1:00 p. m.  y de 2:00 p. m.  a 5:00 p. m.
Teléfono de Conmutador:
(+57) 601 562 2000
Directorio Telefónico:
Click Aquí
SÍGANOS EN
Facebook
Instagram
Youtube
Spotify
Views: 1673765",https://cortesuprema.gov.co,cortesuprema.gov.co
Corte Constitucional de Colombia | Guardián de la Constitución.,"Corte Constitucional de Colombia | Guardián de la Constitución.
Inicio
La Corte
Atención y servicios a la ciudadanía
Relatoría
Secretaría
English
-
Buscadores anteriores
Nueva Relatoría
Boletines
Estadísticas
Solicitar jurisprudencia
Guía de Consulta
Escoja una forma de búsqueda:
•
Palabra clave:
para buscar palabras u frases en el texto de los autos o sentencias, así como combinaciones entre ellas. Ejemplo:
“Libertad de Expresión” AND “redes sociales”
•
Tema de la sentencia:
para buscar entre los temas y subtemas que utiliza la Relatoría de la Corte para clasificar el contenido de los autos y sentencias de la Corte. Ejemplo:
LIBERTAD DE EXPRESION DE IDEAS Y OPINIONES-Límites.
•
Número de la sentencia:
para buscar por el número del auto o sentencia. Ejemplo:
T-001-20
•
Radicación:
para buscar por diversos datos básicos de la sentencia. Ejemplo: magistrado ponente, tema, tipo de providencia, (auto/sentencia), año.
•
Normas:
para buscar por normas demandadas en las sentencias. Ejemplo:
Ley 906 de 2004
Buscar por:
Palabra clave
Tema de la sentencia
Número de la sentencia
Radicación
Normas demandadas
Buscar en texto de providencias
Todos
Autos
Sentencias
Relevancia
Fecha
Todos los años
2025
2024
2023
2022
2021
2020
2019
2018
2017
2016
2015
2014
2013
2012
2011
2010
2009
2008
2007
2006
2005
2004
2003
2002
2001
2000
1999
1998
1997
1996
1995
1994
1993
1992
¿Cómo Buscar?
Ahora puede usar conectores como
AND, OR y AND NOT
, colocando siempre las frases entre
comillas.
Ver Ayuda para buscar por texto
Para realizar una consulta usted puede escribir una palabra o una frase, y podrá
							utilizar las siguientes características.
- Una consulta se podrá escribir en letras mayúsculas o minúsculas.
- La consulta está limitada a quinientos (500) documentos, por lo que le sugerimos
							colocar palabras claves que determinen la búsqueda.
- Para realizar una consulta a través de una palabra, basta con escribirla, y oprimir el
							botón Aceptar.
- Para consultar con múltiples palabras (frase), estas son interpretadas en el orden en
							que se escribieron ignorando los signos de puntuación, por lo tanto si usted consulta
menores infractores
generalmente será diferente que si consulta
infractores menores.
- Usted puede buscar palabras con una misma raíz morfológica agregando un asterisco (*)
							al final del prefijo deseado. Por ejemplo: escriba
constituci*
para encontrar
CONSTITUCIÓN, CONSTITUCIONES, CONSTITUCIONAL
, etc.
- Este sistema
no incorpora un léxico
, por lo que deberá buscar diversas
							palabras que puedan representar una misma cosa. Por ejemplo: la consulta
cementerio
generalmente arrojará un resultado diferente que la consulta
panteón
a pesar de que ambas son sinónimos.
- Usted puede utilizar los siguientes operadores booleanos para hacer más exacta la
							búsqueda:
perros AND gatos
, esta consulta recuperará aquellos documentos
							que contengan ambas palabras.
perros OR gatos
, permite encontrar los documentos que contienen
							cualquiera de las dos palabras e incluso aquellos que contienen ambas.
perros AND NOT gatos
, permite encontrar los documentos que
							contienen la primera palabra pero
no contienen
la segunda.
perros NEAR gatos
, este operador permitirá visualizar primero los
							documentos en donde ocurran ambas palabras y se encuentren más cerca una de la otra.
							Si deseara realizar una consulta literal, es decir, que ocurra tal cual se escribe, se
							utilizan las comillas("" ""). Por ejemplo:
""pena de muerte""
Buscar en índice temático
Todos los años
2025
2024
2023
2022
2021
2020
2019
2018
2017
2016
2015
2014
2013
2012
2011
2010
2009
2008
2007
2006
2005
2004
2003
2002
2001
2000
1999
1998
1997
1996
1995
1994
1993
1992
¿Cómo Buscar?
Ahora puede usar conectores como
AND , OR, NEAR (cerca) y ""AND NOT"" (negar)
, colocando las frases entre
comillas.
Por número de providencia
¿Cómo Buscar?
Para buscar por número de providencia utilice formatos como: T-005-04 o T-005; C-143-15; SU230-15 o SU230; A180-15
Buscar en radicador
Sentencias
Autos
Y
O
Y NO
2025
2024
2023
2022
2021
2020
2019
2018
2017
2016
2015
2014
2013
2012
2011
2010
2009
2008
2007
2006
2005
2004
2003
2002
2001
2000
1999
1998
1997
1996
1995
1994
1993
1992
Todos
¿Cómo Buscar?
Para buscar digite información en uno o varios de los campos, o si prefiere dejarlos en blanco y seleccionar el año, luego clic en botón buscar.
Buscar en índice de Normas
¿Cómo Buscar?
Ingrese información con alguno de los campos.
Buscador de Relatoría - Corte Constitucional
Guía de uso
versión 4.1 (2024-09-18)
46,236
Providencias desde 1992 hasta 2025
Ver últimas sentencias publicadas
×
Cerrar
Guía de uso del buscador
No es posible visualizar la guía,
Ver en otra pagina
Cerrar
×
Cerrar
Últimas 50 Sentencias publicadas
Visualización del listado de las últimas 10 providencias que se han publicado en el buscador!
Cerrar
×
Cerrar
Nuevas funcionalidades de la versión 2.3 publicada el Abril 28 del 2023
Búsquedas exactas
Búsquedas con AND, OR
Búsquedas reforzadas
Para realizar búsquedas exactas utilice comillas dobles al inicio y final
""xyzwx""
del texto que desee buscar.
Ejemplo, al buscar el siguiente texto:
""CONSULTA POPULAR COMO EXPRESION DE LA PARTICIPACION CIUDADANA""
El buscador solo mostrará las providencias donde el texto está exactamente como el usuario lo está buscando.
Al utilizar palabras como
AND
y
OR
en el texto a buscar, los resultados obtenidos se obtienen mediante búsquedas dinámicas donde pueden tener palabras intermedias en el texto a buscar o palabras sueltas.
Ejemplo, al buscar el siguiente texto:
medicina prepagada AND sisben
Cuando el buscador no encuentre providencias con los parámetros (texto, rango de fechas y fuente) que ingreso el usuario, ejecuta de forma automática una búsqueda reforzada donde:
Elimina caracteres especiales que puedan afectar los resultados
Elimina palabras que no existan en la fuente de relatoría seleccionada por el usuario
Elimina las StopWord
(LLORET & PALOMAR, 2011)
, del texto ingresado
Separa el texto buscado por oraciones y luego por palabras.
Busca sin rango de fechas
y muestra el listado de providencias que tengan mayor similitud con los cambios.
Ejemplo, al buscar el siguiente texto:
ante la suspensión de la obra, el empleador debe seguir cotizando la seguridad social de sus trabajadores
el buscador no encuentra providencias que tengan exactamente el texto, así que realiza una búsqueda reformada donde:
El buscador encontró las providencias con mayor relevancia a las modificaciones en la forma como segmento el texto
Cerrar
Buscar en:
Texto completo de las providencias
Temas de sentencia/Auto (Temas/Subtema)
Texto del resuelve
Normas demandadas
Número de sentencia o auto
Fecha de providencia desde:
Hasta:
Y que contenga
O que contenga
Excluya
×
Cerrar
Para mejorar su experiencia de búsqueda, recuerde que usted puede buscar por diferentes criterios:
Escoja el de su preferencia en la opción ""Buscar en"":
Palabras o frases en cualquier parte el texto del auto o sentencia.
Principales temas y subtemas de las sentencias/auto.
Número de la sentencia/auto.
Normas demandadas (procesos de constitucionalidad).
No volver a mostrar
Cerrar
×
Nueva interfaz de relatoría
¡Conoce la nueva interfaz de relatoría!
Ir al nuevo buscador
Cerrar
.
Temas de interés
Paz
Jurisprudencia sobre:
Procedimiento Legislativo Especial para la Paz (Fast Track)
Marco Jurídico para la Paz
Jurisprudencia sobre Ley de Justicia y Paz
Códigos
Jurisprudencia sobre:
Código Nacional de Policía
Código de Procedimiento Penal
Código de la Infancia y la Adolescencia
Código Sustantivo del Trabajo
CPACA
Código General del Proceso
Otra jurisprudencia de interés
Constitucionalidad Decretos de Emergencia
Equidad de género
Sentencias de Constitucionalidad de interés
Sentencias de Unificacion en Tutela
Providencias de Tutela de interés
Tratados
Tratados
Leyes aprobatorias de tratados
NOTA DE ADVERTENCIA
La realización por parte de la Relatoría del trabajo de titulación, no exoneran al usuario de la información de corroborar su contenido con los textos de las providencias, atendiendo posibles inconsistencias, que de presentarse se sugiere sean puestas en conocimiento de la Relatoría.
×
Ultimos boletines
﻿
Boletín sentencias de tutela y constitucionalidad enero 2025
Boletín Jurisprudencial CJU5 Acciones populares, de grupo y de cumplimiento
Cuaderno de jurisprudencia 3-Conflictos de competencia entre jurisdicciones
Cuaderno de jurisprudencia 2-La acción de tutela
VER TODAS
Guía de consulta
×
﻿
Contacto
Palacio de Justicia: Calle 12 No. 7 65
Relatoría: Carrera 8 No 12A 19
Bogotá D.C.- Colombia
PBX:
(57) 6013506200
Horario de Atención: de lunes a viernes
de 8 am. a 1 pm. y de 2 pm. a 5 pm.
Formulario para Peticiones, Quejas, Reclamos o Sugerencias
Redes sociales
Otros enlaces
Rama Judicial
Consejo de Estado
Corte de Suprema Justicia
Tribunales Constitucionales en el Mundo
JEP
Fiscalía
Hora Legal de Colombia
Última actualización :
©
Corte Constitucional de Colombia - Nov 2019
.",https://www.corteconstitucional.gov.co/relatoria/,www.corteconstitucional.gov.co
"
	
	Pagina Web - Procuraduria General de la Nación

","Pagina Web - Procuraduria General de la Nación
You may be trying to access this site from a secured browser on the server. Please enable scripts and reload this page.
Turn on more accessible mode
Turn off more accessible mode
Skip Ribbon Commands
Skip to main content
Turn off Animations
Turn on Animations
Follow
Portal
Currently selected
Portal
Contraste
Reducir letra
Aumentar letra
Centro de relevo
Radique AQUÍ conciliaciones administrativas
It looks like your browser does not have JavaScript enabled. Please turn on JavaScript and try again.
Inicio
Inicio
MenuPrincipal
Servicios o Enlaces
Otras Entidades
Información de la Procuraduría
Atención y servicios a la ciudadanía
Pocuraduría
Sala de Prensa
De Interés
RedesSociales
OtrasEntidades
Banner
MenuSecundario
Fallos de interés
footer
CSS
Audios
Videos
MultimediaImagenes
Funciones
Eventos
Docs
Parametros
Prueba de documentos
Recent
Site contents
Cerrar
Previous
Next
Lo 
					más
reciente
Módulos De
su interés
Galerías de
Multimedia
Videos
Imágenes
Audios
Ver más audios
calendario de
eventos
Más 
Información de
la Procuraduría
¿Quiénes Somos​?
En la Procuraduría vigilamos la integridad y transparencia de nuestros funcionarios públicos mediante nuestras 4 funciones misionales. Preventiva, Intervención, disciplinaria y conciliación. Conoce más de nuestra misionalidad AQUÍ. #SomosProcuraduría ¡Estamos del lado de los colombianos!
​
Procuraduría
en redes
Tweets by @citiesdiabetes
View this post on Instagram
A post shared by Procuraduría General Colombia (@procuraduria)
otras
entidades
Nombre completo de la Sede electrónica
Sede principal
Dirección: xxxxxx xxx xxx Departamento y municipio.
Código Postal: xxxx
Horario de atención: Lunes a viernes xx:xx a.m. - xx:xx p.m.
Teléfono conmutador: +57(xx) xxx xx xx
Línea gratuita: +57(xx) xxx xx xx
Línea anticorrupción: +57(xx) xxx xx xx
Correo institucional: ministerio@ministerio.gov.co
Correo de notificaciones judiciales: judiciales@gov.co
@Entidad
@Entidad
@Entidad
Mapa del sitio
Políticas de protección de datos
Políticas",https://www.procuraduria.gov.co,www.procuraduria.gov.co
